episode_number,pitch_number,brand_name,idea,Mega_Big_Category_idea,deal,pitcher_ask_amount,ask_equity,ask_valuation,deal_amount,deal_equity,deal_valuation,ashneer_present,anupam_present,aman_present,namita_present,vineeta_present,peyush_present,ghazal_present,ashneer_deal,anupam_deal,aman_deal,namita_deal,vineeta_deal,peyush_deal,ghazal_deal,total_sharks_invested,amount_per_shark,equity_per_shark,ROI,ask_bin,equity_per_shark,Valuation,Valuation_category
1,1,BluePine Industries,Frozen Momos,Food & Agriculture,TRUE,50,5,1000,75,16,469,TRUE,TRUE,TRUE,TRUE,TRUE,FALSE,FALSE,TRUE,FALSE,TRUE,FALSE,TRUE,FALSE,FALSE,3,25,5.333333333,468.75,0-50,5.333333333,468.75,Low Valuation
1,2,Booz scooters,Renting e-bike for mobility in private spaces,Mobility & Automotive,TRUE,40,15,267,40,50,80,TRUE,TRUE,TRUE,TRUE,TRUE,FALSE,FALSE,TRUE,FALSE,FALSE,FALSE,TRUE,FALSE,FALSE,2,20,25,80,0-50,25,80,Very Low Valuation
1,3,Heart up my Sleeves,Detachable Sleeves,Consumer Products & Lifestyle,TRUE,25,10,250,25,30,83,TRUE,TRUE,TRUE,TRUE,TRUE,FALSE,FALSE,FALSE,TRUE,FALSE,FALSE,TRUE,FALSE,FALSE,2,12.5,15,83.33333333,0-50,15,83.33333333,Very Low Valuation
2,4,Tagz Foods,Healthy Potato Chips,Food & Agriculture,TRUE,70,1,7000,70,2.75,2545,TRUE,TRUE,TRUE,TRUE,TRUE,FALSE,FALSE,TRUE,FALSE,FALSE,FALSE,FALSE,FALSE,FALSE,1,70,2.75,2545.454545,51-100,2.75,2545.454545,High Valuation
2,5,Head and Heart,Brain Development Course,Technology & SaaS,FALSE,50,5,1000,0,0,0,TRUE,TRUE,TRUE,TRUE,TRUE,FALSE,FALSE,FALSE,FALSE,FALSE,FALSE,FALSE,FALSE,FALSE,0,0,0,,0-50,0,0,Very Low Valuation
2,6,Agro tourism,Tourism,Consumer Products & Lifestyle,FALSE,50,5,1000,0,0,0,TRUE,TRUE,TRUE,TRUE,TRUE,FALSE,FALSE,FALSE,FALSE,FALSE,FALSE,FALSE,FALSE,FALSE,0,0,0,,0-50,0,0,Very Low Valuation
3,7,Qzense Labs,Food Freshness Detector,Technology & SaaS,FALSE,100,0.25,40000,0,0,0,TRUE,TRUE,TRUE,TRUE,TRUE,FALSE,FALSE,FALSE,FALSE,FALSE,FALSE,FALSE,FALSE,FALSE,0,0,0,,51-100,0,0,Very Low Valuation
3,8,Peeschute,Disposable Urine Bag,Health & Wellness,TRUE,75,4,1875,75,6,1250,TRUE,TRUE,TRUE,TRUE,TRUE,FALSE,FALSE,FALSE,FALSE,TRUE,FALSE,FALSE,FALSE,FALSE,1,75,6,1250,51-100,6,1250,Moderate Valuation
3,9,NOCD,Energy Drink,Food & Agriculture,TRUE,50,2,2500,20,15,133,TRUE,TRUE,TRUE,TRUE,TRUE,FALSE,FALSE,FALSE,FALSE,FALSE,FALSE,TRUE,FALSE,FALSE,1,20,15,133.3333333,0-50,15,133.3333333,Very Low Valuation
4,10,Cosiq,Intelligent Skincare,Health & Wellness,TRUE,50,7.5,667,50,25,200,TRUE,TRUE,TRUE,TRUE,TRUE,FALSE,FALSE,FALSE,TRUE,FALSE,FALSE,TRUE,FALSE,FALSE,2,25,12.5,200,0-50,12.5,200,Low Valuation
4,11,JhaJi Achaar,Pickle,Food & Agriculture,FALSE,50,10,500,0,0,0,TRUE,TRUE,TRUE,TRUE,TRUE,FALSE,FALSE,FALSE,FALSE,FALSE,FALSE,FALSE,FALSE,FALSE,0,0,0,,0-50,0,0,Very Low Valuation
4,12,Bummer,Underwear,Consumer Products & Lifestyle,TRUE,75,4,1875,75,7.5,1000,TRUE,TRUE,TRUE,TRUE,TRUE,FALSE,FALSE,FALSE,FALSE,TRUE,TRUE,FALSE,FALSE,FALSE,2,37.5,3.75,1000,51-100,3.75,1000,Moderate Valuation
5,13,Revamp Moto,E-Bike,Mobility & Automotive,TRUE,100,1,10000,100,1.5,6667,TRUE,TRUE,TRUE,TRUE,TRUE,FALSE,FALSE,FALSE,TRUE,TRUE,FALSE,FALSE,FALSE,FALSE,2,50,0.75,6666.666667,51-100,0.75,6666.666667,Premium Valuation
5,14,Hungry Heads,Restaurant serving 80 types of Maggi,Food & Agriculture,FALSE,50,5,1000,0,0,0,TRUE,TRUE,TRUE,TRUE,TRUE,FALSE,FALSE,FALSE,FALSE,FALSE,FALSE,FALSE,FALSE,FALSE,0,0,0,,0-50,0,0,Very Low Valuation
5,15,Shrawani Engineers,Belly Button Shaper,Health & Wellness,FALSE,10,20,50,0,0,0,TRUE,TRUE,TRUE,TRUE,TRUE,FALSE,FALSE,FALSE,FALSE,FALSE,FALSE,FALSE,FALSE,FALSE,0,0,0,,0-50,0,0,Very Low Valuation
6,16,Skippi Pops,Ice-Pops,Food & Agriculture,TRUE,45,5,900,100,15,667,TRUE,TRUE,TRUE,TRUE,TRUE,FALSE,FALSE,TRUE,TRUE,TRUE,TRUE,TRUE,FALSE,FALSE,5,20,3,666.6666667,0-50,3,666.6666667,Moderate Valuation
6,17,Menstrupedia,Menstrual Awareness Comic,Social Impact & Sustainability,TRUE,50,10,500,50,20,250,TRUE,TRUE,TRUE,TRUE,TRUE,FALSE,FALSE,FALSE,FALSE,FALSE,TRUE,FALSE,FALSE,FALSE,1,50,20,250,0-50,20,250,Low Valuation
6,18,Hecolll,Pollution Resistant Fabric,Industrial & Infrastructure,FALSE,100,1,10000,0,0,0,TRUE,TRUE,TRUE,TRUE,TRUE,FALSE,FALSE,FALSE,FALSE,FALSE,FALSE,FALSE,FALSE,FALSE,0,0,0,,51-100,0,0,Very Low Valuation
7,19,Raising Superstars,Child Development App,Technology & SaaS,TRUE,100,2,5000,100,4,2500,TRUE,TRUE,TRUE,TRUE,TRUE,FALSE,FALSE,TRUE,FALSE,TRUE,FALSE,FALSE,FALSE,FALSE,2,50,2,2500,51-100,2,2500,High Valuation
7,20,Torch-it,Gadgets for visually impaired people,Social Impact & Sustainability,FALSE,75,1,7500,0,0,0,TRUE,TRUE,TRUE,TRUE,TRUE,FALSE,FALSE,FALSE,FALSE,FALSE,FALSE,FALSE,FALSE,FALSE,0,0,0,,51-100,0,0,Very Low Valuation
7,21,La Kheer Deli,Kheer in variety of flavors,Food & Agriculture,FALSE,50,7.5,667,0,0,0,TRUE,TRUE,TRUE,TRUE,TRUE,FALSE,FALSE,FALSE,FALSE,FALSE,FALSE,FALSE,FALSE,FALSE,0,0,0,,0-50,0,0,Very Low Valuation
8,22,Beyond Snack,Kerala Banana Chips,Food & Agriculture,TRUE,50,2.5,2000,50,2.5,2000,TRUE,TRUE,TRUE,TRUE,FALSE,TRUE,FALSE,TRUE,FALSE,TRUE,FALSE,FALSE,FALSE,FALSE,2,25,1.25,2000,0-50,1.25,2000,High Valuation
8,23,Vivalyf Innovations- Easy Life,Prickless Diabetes Testing Machine,Health & Wellness,TRUE,56,7.5,747,56,33.3,168,TRUE,TRUE,TRUE,TRUE,FALSE,TRUE,FALSE,FALSE,TRUE,FALSE,FALSE,FALSE,TRUE,FALSE,2,28,16.65,168.1681682,51-100,16.65,168.1681682,Low Valuation
8,24,Motion Breeze,Smart Electric Motorcycle,Mobility & Automotive,TRUE,30,3,1000,30,6,500,TRUE,TRUE,TRUE,TRUE,FALSE,TRUE,FALSE,TRUE,FALSE,FALSE,FALSE,FALSE,FALSE,FALSE,1,30,6,500,0-50,6,500,Low Valuation
9,25,Altor,Smart Helmets,Mobility & Automotive,TRUE,50,5,1000,50,7,714,TRUE,TRUE,TRUE,TRUE,FALSE,TRUE,FALSE,FALSE,FALSE,TRUE,TRUE,FALSE,FALSE,FALSE,2,25,3.5,714.2857143,0-50,3.5,714.2857143,Moderate Valuation
9,26,Ariro,Wooden Toys,Consumer Products & Lifestyle,TRUE,50,2.5,2000,50,10,500,TRUE,TRUE,TRUE,TRUE,FALSE,TRUE,FALSE,FALSE,FALSE,TRUE,FALSE,FALSE,TRUE,FALSE,2,25,5,500,0-50,5,500,Low Valuation
9,27,Kabira Handmade,Healthy Oils,Food & Agriculture,FALSE,100,5,2000,0,0,0,TRUE,TRUE,TRUE,TRUE,FALSE,TRUE,FALSE,FALSE,FALSE,FALSE,FALSE,FALSE,FALSE,FALSE,0,0,0,,51-100,0,0,Very Low Valuation
10,28,Nuutjob,Male Intimate Hygiene,Health & Wellness,TRUE,25,5,500,25,20,125,TRUE,TRUE,TRUE,TRUE,FALSE,TRUE,FALSE,FALSE,FALSE,TRUE,TRUE,FALSE,TRUE,FALSE,3,8.333333333,6.666666667,125,0-50,6.666666667,125,Very Low Valuation
10,29,Meatyour,Eggs,Food & Agriculture,TRUE,30,5,600,30,20,150,TRUE,TRUE,TRUE,TRUE,FALSE,TRUE,FALSE,FALSE,TRUE,TRUE,FALSE,FALSE,TRUE,FALSE,3,10,6.666666667,150,0-50,6.666666667,150,Very Low Valuation
10,30,EventBeep,Student Community App,Technology & SaaS,TRUE,30,2,1500,30,3,1000,TRUE,TRUE,TRUE,TRUE,FALSE,TRUE,FALSE,TRUE,FALSE,TRUE,FALSE,FALSE,TRUE,FALSE,3,10,1,1000,0-50,1,1000,Moderate Valuation
11,31,Gopal's 56,Fiber Ice Cream,Food & Agriculture,FALSE,30000,25,120000,0,0,0,TRUE,TRUE,TRUE,TRUE,FALSE,TRUE,FALSE,FALSE,FALSE,FALSE,FALSE,FALSE,FALSE,FALSE,0,0,0,,,0,0,Very Low Valuation
11,32,ARRCOAT Surface Textures,Wall Building,Industrial & Infrastructure,TRUE,50,5,1000,50,15,333,TRUE,TRUE,TRUE,TRUE,FALSE,TRUE,FALSE,FALSE,TRUE,FALSE,FALSE,FALSE,FALSE,FALSE,1,50,15,333.3333333,0-50,15,333.3333333,Low Valuation
11,33,Farda,Customised Streetwear,Consumer Products & Lifestyle,TRUE,30,10,300,30,20,150,TRUE,TRUE,TRUE,TRUE,FALSE,TRUE,FALSE,FALSE,FALSE,TRUE,TRUE,FALSE,FALSE,FALSE,2,15,10,150,0-50,10,150,Very Low Valuation
12,34,Auli Lifestyle,Ayurvedic Products,Health & Wellness,TRUE,75,4,1875,75,15,500,TRUE,TRUE,TRUE,TRUE,FALSE,TRUE,FALSE,FALSE,FALSE,FALSE,TRUE,FALSE,FALSE,FALSE,1,75,15,500,51-100,15,500,Low Valuation
12,35,SweeDesi,Indian Sweets,Food & Agriculture,FALSE,40,3,1333,0,0,0,TRUE,TRUE,TRUE,TRUE,FALSE,TRUE,FALSE,FALSE,FALSE,FALSE,FALSE,FALSE,FALSE,FALSE,0,0,0,,0-50,0,0,Very Low Valuation
12,36,LOKA,Metaverse App,Technology & SaaS,TRUE,40,5,800,40,24,167,TRUE,TRUE,TRUE,TRUE,FALSE,TRUE,FALSE,FALSE,TRUE,TRUE,FALSE,FALSE,TRUE,FALSE,3,13.33333333,8,166.6666667,0-50,8,166.6666666,Low Valuation
13,37,Annie,Braille Literary Device,Social Impact & Sustainability,TRUE,30,5,600,105,3,3500,TRUE,TRUE,TRUE,TRUE,FALSE,TRUE,FALSE,FALSE,TRUE,FALSE,TRUE,FALSE,TRUE,FALSE,3,35,1,3500,0-50,1,3500,Premium Valuation
13,38,Caragreen,Eco-Friendly boxes,Social Impact & Sustainability,TRUE,50,10,500,50,20,250,TRUE,TRUE,TRUE,TRUE,FALSE,TRUE,FALSE,FALSE,TRUE,FALSE,FALSE,FALSE,TRUE,FALSE,2,25,10,250,0-50,10,250,Low Valuation
13,39,The Yarn Bazaar,Yarn-Trading App,Technology & SaaS,TRUE,50,2,2500,100,10,1000,TRUE,TRUE,TRUE,TRUE,FALSE,TRUE,FALSE,TRUE,TRUE,TRUE,FALSE,FALSE,TRUE,FALSE,4,25,2.5,1000,0-50,2.5,1000,Moderate Valuation
14,40,The Renal Project,Home Dialysis Treatment,Health & Wellness,TRUE,100,3,3333,100,6,1667,TRUE,TRUE,TRUE,TRUE,FALSE,TRUE,FALSE,FALSE,FALSE,TRUE,TRUE,FALSE,FALSE,FALSE,2,50,3,1666.666667,51-100,3,1666.666667,High Valuation
14,41,Morikko Pure Foods,Healthy Food Snacks,Food & Agriculture,FALSE,100,3,3333,0,0,0,TRUE,TRUE,TRUE,TRUE,FALSE,TRUE,FALSE,FALSE,FALSE,FALSE,FALSE,FALSE,FALSE,FALSE,0,0,0,,51-100,0,0,Very Low Valuation
14,42,Good Good Piggy Bank,Digital Piggy Bank,FinTech,FALSE,45,5,900,0,0,0,TRUE,TRUE,TRUE,TRUE,FALSE,TRUE,FALSE,FALSE,FALSE,FALSE,FALSE,FALSE,FALSE,FALSE,0,0,0,,0-50,0,0,Very Low Valuation
15,43,Hammer Lifestyle,Smart Audio Products,Technology & SaaS,TRUE,30,3,1000,100,40,250,TRUE,TRUE,TRUE,TRUE,FALSE,TRUE,FALSE,FALSE,FALSE,TRUE,FALSE,FALSE,FALSE,FALSE,1,100,40,250,0-50,40,250,Low Valuation
15,44,PNT,Robotics and Automation Solutions,Industrial & Infrastructure,TRUE,50,4,1250,25,25,100,TRUE,TRUE,TRUE,TRUE,FALSE,TRUE,FALSE,FALSE,FALSE,FALSE,FALSE,FALSE,TRUE,FALSE,1,25,25,100,0-50,25,100,Very Low Valuation
15,45,Cocofit,Coconut based beverage franchise,Food & Agriculture,TRUE,5,5,100,5.00E-05,5,0,TRUE,TRUE,TRUE,TRUE,FALSE,TRUE,FALSE,FALSE,TRUE,TRUE,TRUE,FALSE,FALSE,FALSE,3,1.67E-05,1.666666667,0.001,0-50,1.666666667,0.001002,Very Low Valuation
16,46,Bamboo India,Bamboo Products,Social Impact & Sustainability,TRUE,80,4,2000,50,3.5,1429,TRUE,TRUE,TRUE,TRUE,FALSE,TRUE,FALSE,TRUE,TRUE,FALSE,FALSE,FALSE,FALSE,FALSE,2,25,1.75,1428.571429,51-100,1.75,1428.571429,Moderate Valuation
16,47,Flying Furr,Dog Hygiene,Consumer Products & Lifestyle,FALSE,75,7,1071,0,0,0,TRUE,TRUE,TRUE,TRUE,FALSE,TRUE,FALSE,FALSE,FALSE,FALSE,FALSE,FALSE,FALSE,FALSE,0,0,0,,51-100,0,0,Very Low Valuation
16,48,Beyond Water,Liquid Water Enhancer,Food & Agriculture,TRUE,75,4,1875,75,15,500,TRUE,TRUE,TRUE,TRUE,FALSE,TRUE,FALSE,FALSE,FALSE,TRUE,TRUE,FALSE,FALSE,FALSE,2,37.5,7.5,500,51-100,7.5,500,Low Valuation
16,49,Let's Try,Healthy Snacks,Food & Agriculture,TRUE,45,2,2250,45,12,375,TRUE,TRUE,TRUE,TRUE,FALSE,TRUE,FALSE,FALSE,TRUE,TRUE,FALSE,FALSE,FALSE,FALSE,2,22.5,6,375,0-50,6,375,Low Valuation
17,50,Find Your Kicks India,Sneaker Resale,Consumer Products & Lifestyle,TRUE,50,10,500,50,25,200,TRUE,TRUE,TRUE,TRUE,FALSE,TRUE,FALSE,TRUE,TRUE,TRUE,TRUE,FALSE,TRUE,FALSE,5,10,5,200,0-50,5,200,Low Valuation
17,51,Aas Vidyalaya,EdTech App,Technology & SaaS,TRUE,150,3,5000,150,15,1000,TRUE,TRUE,TRUE,TRUE,FALSE,TRUE,FALSE,TRUE,FALSE,FALSE,TRUE,FALSE,TRUE,FALSE,3,50,5,1000,101-200,5,1000,Moderate Valuation
17,52,Outbox,Premium Surprise-Planning,Consumer Products & Lifestyle,FALSE,50,5,1000,0,0,0,TRUE,TRUE,TRUE,TRUE,FALSE,TRUE,FALSE,FALSE,FALSE,FALSE,FALSE,FALSE,FALSE,FALSE,0,0,0,,0-50,0,0,Very Low Valuation
17,53,RoadBounce,Pothole Detection Software and Data,Technology & SaaS,TRUE,80,10,800,80,20,400,TRUE,TRUE,TRUE,TRUE,FALSE,TRUE,FALSE,FALSE,FALSE,FALSE,FALSE,FALSE,TRUE,FALSE,1,80,20,400,51-100,20,400,Low Valuation
18,54,Mommy's Kitchen,Thin Crust Pizza,Food & Agriculture,FALSE,90,3,3000,0,0,0,TRUE,TRUE,TRUE,TRUE,FALSE,TRUE,FALSE,FALSE,FALSE,FALSE,FALSE,FALSE,FALSE,FALSE,0,0,0,,51-100,0,0,Very Low Valuation
18,55,India Hemp and Co,Hemp Food Products,Food & Agriculture,FALSE,50,4,1250,0,0,0,TRUE,TRUE,TRUE,TRUE,FALSE,TRUE,FALSE,FALSE,FALSE,FALSE,FALSE,FALSE,FALSE,FALSE,0,0,0,,0-50,,0,Very Low Valuation
18,56,Otua,Electric Auto Vehicle,Mobility & Automotive,TRUE,100,1,10000,1,1,100,TRUE,TRUE,TRUE,TRUE,FALSE,TRUE,FALSE,TRUE,FALSE,FALSE,FALSE,FALSE,FALSE,FALSE,1,1,1,100,51-100,1,100,Very Low Valuation
18,57,Anthyesti,Funeral Service,Consumer Products & Lifestyle,FALSE,50,2.5,2000,0,0,0,TRUE,TRUE,TRUE,TRUE,FALSE,TRUE,FALSE,FALSE,FALSE,FALSE,FALSE,FALSE,FALSE,FALSE,0,0,0,,0-50,0,0,Very Low Valuation
19,58,Ethik,Leather-free Shoes,Social Impact & Sustainability,FALSE,15,5,300,0,0,0,TRUE,TRUE,TRUE,TRUE,FALSE,TRUE,FALSE,FALSE,FALSE,FALSE,FALSE,FALSE,FALSE,FALSE,0,0,0,,0-50,0,0,Very Low Valuation
19,59,WeSTOCK,Livestock health monitoring AI,Technology & SaaS,TRUE,50,5,1000,60,10,600,TRUE,TRUE,TRUE,TRUE,FALSE,TRUE,FALSE,TRUE,FALSE,TRUE,TRUE,FALSE,TRUE,FALSE,4,15,2.5,600,0-50,2.5,600,Moderate Valuation
19,60,KetoIndia,Customised Keto Diets for various medical issues,#N/A,FALSE,125,1.25,10000,0,0,0,TRUE,TRUE,TRUE,TRUE,FALSE,TRUE,FALSE,FALSE,FALSE,FALSE,FALSE,FALSE,FALSE,FALSE,0,0,0,,101-200,0,0,Very Low Valuation
19,61,Magic lock,LPG Cylinder lock,Technology & SaaS,FALSE,120,8,1500,0,0,0,TRUE,TRUE,TRUE,TRUE,FALSE,TRUE,FALSE,FALSE,FALSE,FALSE,FALSE,FALSE,FALSE,FALSE,0,0,0,,101-200,0,0,Very Low Valuation
20,62,The State Plate,Delicacies,Food & Agriculture,TRUE,65,2,3250,40,3,1333,TRUE,TRUE,TRUE,TRUE,FALSE,TRUE,FALSE,FALSE,FALSE,FALSE,FALSE,FALSE,TRUE,FALSE,1,40,3,1333.333333,51-100,3,1333.333333,Moderate Valuation
20,63,Bakarmax,Comics & Animation,Technology & SaaS,FALSE,35,5,700,0,0,0,TRUE,TRUE,TRUE,TRUE,FALSE,TRUE,FALSE,FALSE,FALSE,FALSE,FALSE,FALSE,FALSE,FALSE,0,0,0,,0-50,0,0,Very Low Valuation
20,64,IN A CAN,Can Cocktails,Food & Agriculture,TRUE,50,2,2500,100,10,1000,TRUE,TRUE,TRUE,TRUE,FALSE,TRUE,FALSE,TRUE,TRUE,TRUE,TRUE,FALSE,TRUE,FALSE,5,20,2,1000,0-50,2,1000,Moderate Valuation
21,65,Get a Whey,Sugar-Free Icecream,Food & Agriculture,TRUE,100,8,1250,100,15,667,TRUE,TRUE,TRUE,FALSE,TRUE,TRUE,FALSE,TRUE,FALSE,TRUE,FALSE,TRUE,FALSE,FALSE,3,33.33333333,5,666.6666667,51-100,5,666.6666666,Moderate Valuation
21,66,Sid07 Designs,Inventions,Industrial & Infrastructure,TRUE,47,10,470,25,75,33,TRUE,TRUE,TRUE,FALSE,TRUE,TRUE,FALSE,FALSE,FALSE,FALSE,FALSE,FALSE,TRUE,FALSE,1,25,75,33.33333333,0-50,75,33.33333333,Very Low Valuation
21,67,The Quirky Nari,Customised Apparels,Consumer Products & Lifestyle,TRUE,35,5,700,35,24,146,TRUE,TRUE,TRUE,FALSE,TRUE,TRUE,FALSE,FALSE,TRUE,FALSE,FALSE,TRUE,FALSE,FALSE,2,17.5,12,145.8333333,0-50,12,145.8333333,Very Low Valuation
22,68,Hair Originals,Natural Hair Extensions,Consumer Products & Lifestyle,TRUE,60,2,3000,60,4,1500,TRUE,TRUE,TRUE,FALSE,TRUE,TRUE,FALSE,TRUE,TRUE,FALSE,FALSE,FALSE,TRUE,FALSE,3,20,1.333333333,1500,51-100,1.333333333,1500,High Valuation
22,69,Poo de Cologne,Toilet Spray with Essential Oils,Consumer Products & Lifestyle,FALSE,75,5,1500,0,0,0,TRUE,TRUE,TRUE,FALSE,TRUE,TRUE,FALSE,FALSE,FALSE,FALSE,FALSE,FALSE,FALSE,FALSE,0,0,0,,51-100,0,0,Very Low Valuation
22,70,Moonshine Meads,Meads,Food & Agriculture,FALSE,80,5,1600,0,0,0,TRUE,TRUE,TRUE,FALSE,TRUE,TRUE,FALSE,FALSE,FALSE,FALSE,FALSE,FALSE,FALSE,FALSE,0,0,0,,51-100,0,0,Very Low Valuation
22,71,Falhari,Fresh Fruits,Food & Agriculture,FALSE,50,2,2500,0,0,0,TRUE,TRUE,TRUE,FALSE,TRUE,TRUE,FALSE,FALSE,FALSE,FALSE,FALSE,FALSE,FALSE,FALSE,0,0,0,,0-50,0,0,Very Low Valuation
23,72,Namhya Foods,Ayurvedic Enriched Food,Health & Wellness,TRUE,100,5,2000,50,10,500,TRUE,TRUE,TRUE,FALSE,TRUE,TRUE,FALSE,FALSE,FALSE,TRUE,FALSE,FALSE,FALSE,FALSE,1,50,10,500,51-100,10,500,Low Valuation
23,73,Urban Monkey,Streetwear,Consumer Products & Lifestyle,FALSE,100,1,10000,0,0,0,TRUE,TRUE,TRUE,FALSE,TRUE,TRUE,FALSE,FALSE,FALSE,FALSE,FALSE,FALSE,FALSE,FALSE,0,0,0,,51-100,0,0,Very Low Valuation
23,74,Guardian Gears,Motorcycle Luggage,Mobility & Automotive,FALSE,30,5,600,0,0,0,TRUE,TRUE,TRUE,FALSE,TRUE,TRUE,FALSE,FALSE,FALSE,FALSE,FALSE,FALSE,FALSE,FALSE,0,0,0,,0-50,0,0,Very Low Valuation
23,75,Modern Myth,Bags,Consumer Products & Lifestyle,FALSE,75,5,1500,0,0,0,TRUE,TRUE,TRUE,FALSE,TRUE,TRUE,FALSE,FALSE,FALSE,FALSE,FALSE,FALSE,FALSE,FALSE,0,0,0,,51-100,0,0,Very Low Valuation
24,76,The Sass Bar,Gifts,Consumer Products & Lifestyle,TRUE,40,8,500,50,35,143,FALSE,TRUE,FALSE,TRUE,TRUE,TRUE,TRUE,FALSE,TRUE,FALSE,FALSE,FALSE,FALSE,TRUE,2,25,17.5,142.8571429,0-50,17.5,142.8571429,Very Low Valuation
24,77,KG Agrotech,Agricultural Innovations,Industrial & Infrastructure,TRUE,30,10,300,10,40,25,FALSE,TRUE,FALSE,TRUE,TRUE,TRUE,TRUE,FALSE,FALSE,FALSE,FALSE,FALSE,TRUE,FALSE,1,10,40,25,0-50,40,25,Very Low Valuation
24,78,Nuskha Kitchen,Homemade Foods,Food & Agriculture,FALSE,20,10,200,0,0,0,FALSE,TRUE,FALSE,TRUE,TRUE,TRUE,TRUE,FALSE,FALSE,FALSE,FALSE,FALSE,FALSE,FALSE,0,0,0,,0-50,0,0,Very Low Valuation
25,79,PawsIndia,Dog Products,Consumer Products & Lifestyle,TRUE,50,4,1250,50,15,333,FALSE,TRUE,FALSE,TRUE,TRUE,TRUE,TRUE,FALSE,TRUE,FALSE,FALSE,FALSE,FALSE,FALSE,1,50,15,333.3333333,0-50,15,333.3333333,Low Valuation
25,80,Sunfox Technologies,Portable ECG Device,Health & Wellness,TRUE,100,2,5000,100,6,1667,FALSE,TRUE,FALSE,TRUE,TRUE,TRUE,TRUE,FALSE,TRUE,FALSE,TRUE,TRUE,TRUE,TRUE,5,20,1.2,1666.666667,51-100,1.2,1666.666667,High Valuation
25,81,Alpino,Roasted Peanut Products,Food & Agriculture,FALSE,150,2,7500,0,0,0,FALSE,TRUE,FALSE,TRUE,TRUE,TRUE,TRUE,FALSE,FALSE,FALSE,FALSE,FALSE,FALSE,FALSE,0,0,0,,101-200,0,0,Very Low Valuation
26,82,Isak Fragrances,Perfumes,Consumer Products & Lifestyle,TRUE,50,8,625,50,50,100,FALSE,TRUE,FALSE,TRUE,TRUE,TRUE,TRUE,FALSE,FALSE,FALSE,FALSE,FALSE,TRUE,FALSE,1,50,50,100,0-50,50,100,Very Low Valuation
26,83,Julaa Automation,Automatic Cradle,Consumer Products & Lifestyle,FALSE,50,10,500,0,0,0,FALSE,TRUE,FALSE,TRUE,TRUE,TRUE,TRUE,FALSE,FALSE,FALSE,FALSE,FALSE,FALSE,FALSE,0,0,0,,0-50,0,0,Very Low Valuation
26,84,Rare Planet,Handicrafts,Consumer Products & Lifestyle,TRUE,65,1,6500,65,3,2167,FALSE,TRUE,FALSE,TRUE,TRUE,TRUE,TRUE,FALSE,FALSE,FALSE,TRUE,FALSE,FALSE,FALSE,1,65,3,2166.666667,51-100,3,2166.666667,High Valuation
27,85,Theka Coffee,Coffee Products,Food & Agriculture,FALSE,50,10,500,0,0,0,FALSE,TRUE,FALSE,TRUE,TRUE,TRUE,TRUE,FALSE,FALSE,FALSE,FALSE,FALSE,FALSE,FALSE,0,0,0,,0-50,0,0,Very Low Valuation
27,86,Watt Technovations,Ventilated PPE Kits,Health & Wellness,TRUE,0.00101,10,0,0.00101,4,0,FALSE,TRUE,FALSE,TRUE,TRUE,TRUE,TRUE,FALSE,TRUE,FALSE,TRUE,FALSE,TRUE,TRUE,4,0.0002525,1,0.02525,0-50,1,0.02525,Very Low Valuation
27,87,Aliste Technologies,Automation Solutions,Industrial & Infrastructure,FALSE,60,5,1200,0,0,0,FALSE,TRUE,FALSE,TRUE,TRUE,TRUE,TRUE,FALSE,FALSE,FALSE,FALSE,FALSE,FALSE,FALSE,0,0,0,,51-100,0,0,Very Low Valuation
27,88,Insurance Samadhan,Insurance Solutions,FinTech,TRUE,100,1,10000,100,4,2500,FALSE,TRUE,FALSE,TRUE,TRUE,TRUE,TRUE,FALSE,FALSE,FALSE,FALSE,FALSE,TRUE,FALSE,1,100,4,2500,51-100,4,2500,High Valuation
28,89,Humpy A2,Organic Milk Products,Food & Agriculture,TRUE,75,4,1875,100,15,667,FALSE,TRUE,FALSE,TRUE,TRUE,TRUE,TRUE,FALSE,FALSE,FALSE,FALSE,TRUE,TRUE,TRUE,3,33.33333333,5,666.6666667,51-100,5,666.6666666,Moderate Valuation
28,90,Kunafa World,Kunafa,Food & Agriculture,FALSE,90,5,1800,0,0,0,FALSE,TRUE,FALSE,TRUE,TRUE,TRUE,TRUE,FALSE,FALSE,FALSE,FALSE,FALSE,FALSE,FALSE,0,0,0,,51-100,0,0,Very Low Valuation
28,91,Gold Safe Solutions Ind.,Anti-Suicidal Fan Rod,Social Impact & Sustainability,TRUE,50,5,1000,50,30,167,FALSE,TRUE,FALSE,TRUE,TRUE,TRUE,TRUE,FALSE,FALSE,FALSE,FALSE,TRUE,TRUE,TRUE,3,16.66666667,10,166.6666667,0-50,10,166.6666667,Low Valuation
29,92,Wakao Foods,Jackfruit Products,Food & Agriculture,TRUE,75,5,1500,75,21,357,FALSE,TRUE,FALSE,TRUE,TRUE,TRUE,TRUE,FALSE,FALSE,FALSE,TRUE,TRUE,FALSE,TRUE,3,25,7,357.1428571,51-100,7,357.1428571,Low Valuation
29,93,PDD Falcon,Stainless Steel Items,Industrial & Infrastructure,FALSE,75,3,2500,0,0,0,FALSE,TRUE,FALSE,TRUE,TRUE,TRUE,TRUE,FALSE,FALSE,FALSE,FALSE,FALSE,FALSE,FALSE,0,0,0,,51-100,0,0,Very Low Valuation
29,94,PlayBox TV,Streaming Platform,Technology & SaaS,FALSE,100,3.5,2857,0,0,0,FALSE,TRUE,FALSE,TRUE,TRUE,TRUE,TRUE,FALSE,FALSE,FALSE,FALSE,FALSE,FALSE,FALSE,0,0,0,,51-100,0,0,Very Low Valuation
30,95,Sippline Drinking Shields,Portable Glass Attachment,Technology & SaaS,FALSE,75,15,500,0,0,0,TRUE,TRUE,TRUE,TRUE,TRUE,FALSE,FALSE,FALSE,FALSE,FALSE,FALSE,FALSE,FALSE,FALSE,0,0,0,,51-100,0,0,Very Low Valuation
30,96,Kabaddi Adda,All-Kabaddi App,Technology & SaaS,TRUE,80,1,8000,80,6,1333,TRUE,TRUE,TRUE,TRUE,TRUE,FALSE,FALSE,FALSE,FALSE,FALSE,TRUE,TRUE,FALSE,FALSE,2,40,3,1333.333333,51-100,3,1333.333333,Moderate Valuation
30,97,Shades of Spring,Flowers,Food & Agriculture,FALSE,300,1,30000,0,0,0,TRUE,TRUE,TRUE,TRUE,TRUE,FALSE,FALSE,FALSE,FALSE,FALSE,FALSE,FALSE,FALSE,FALSE,0,0,0,,201-500,0,0,Very Low Valuation
30,98,Scholify,Scholarship Platform,Technology & SaaS,FALSE,50,7.5,667,0,0,0,TRUE,TRUE,TRUE,TRUE,TRUE,FALSE,FALSE,FALSE,FALSE,FALSE,FALSE,FALSE,FALSE,FALSE,0,0,0,,0-50,0,0,Very Low Valuation
31,99,Scrapshala,Handmade Reusable Scrap Materials,Social Impact & Sustainability,FALSE,50,10,500,0,0,0,TRUE,TRUE,TRUE,TRUE,TRUE,FALSE,FALSE,FALSE,FALSE,FALSE,FALSE,FALSE,FALSE,FALSE,0,0,0,,0-50,0,0,Very Low Valuation
31,100,Sabjikothi,Vegetables Storage,Industrial & Infrastructure,FALSE,60,2.5,2400,0,0,0,TRUE,TRUE,TRUE,TRUE,TRUE,FALSE,FALSE,FALSE,FALSE,FALSE,FALSE,FALSE,FALSE,FALSE,0,0,0,,51-100,0,0,Very Low Valuation
31,101,AyuRythm,Ayurvedic Wellness App,Technology & SaaS,TRUE,75,2,3750,75,2.68,2799,TRUE,TRUE,TRUE,TRUE,TRUE,FALSE,FALSE,FALSE,FALSE,TRUE,FALSE,FALSE,FALSE,FALSE,1,75,2.68,2798.507463,51-100,2.68,2798.507463,High Valuation
31,102,Astrix,Smart Locks,Technology & SaaS,FALSE,75,3,2500,0,0,0,TRUE,TRUE,TRUE,TRUE,TRUE,FALSE,FALSE,FALSE,FALSE,FALSE,FALSE,FALSE,FALSE,FALSE,0,0,0,,51-100,0,0,Very Low Valuation
32,103,Thea and Sid,Proposal Solutions,Consumer Products & Lifestyle,FALSE,80,7,1143,0,0,0,TRUE,TRUE,TRUE,TRUE,FALSE,TRUE,FALSE,FALSE,FALSE,FALSE,FALSE,FALSE,FALSE,FALSE,0,0,0,,51-100,0,0,Very Low Valuation
32,104,Experential Etc,Technology layered Advertisement Services,Technology & SaaS,FALSE,200,4,5000,0,0,0,TRUE,TRUE,TRUE,TRUE,FALSE,TRUE,FALSE,FALSE,FALSE,FALSE,FALSE,FALSE,FALSE,FALSE,0,0,0,,101-200,0,0,Very Low Valuation
32,105,GrowFitter,Rewards App,FinTech,TRUE,50,1,5000,50,2,2500,TRUE,TRUE,TRUE,TRUE,FALSE,TRUE,FALSE,FALSE,FALSE,TRUE,FALSE,FALSE,FALSE,FALSE,1,50,2,2500,0-50,2,2500,High Valuation
32,106,Med Tech,Portable opthalmic devices,Health & Wellness,FALSE,35,6,583,0,0,0,TRUE,TRUE,TRUE,TRUE,FALSE,TRUE,FALSE,FALSE,FALSE,FALSE,FALSE,FALSE,FALSE,FALSE,0,0,0,,0-50,0,0,Very Low Valuation
33,107,Colour Me Mad,Insoles,Health & Wellness,TRUE,40,10,400,40,25,160,TRUE,TRUE,TRUE,TRUE,FALSE,TRUE,FALSE,FALSE,FALSE,FALSE,TRUE,FALSE,FALSE,FALSE,1,40,25,160,0-50,25,160,Low Valuation
33,108,Mavi's,Vegan Fermented Food,Food & Agriculture,FALSE,40,5,800,0,0,0,TRUE,TRUE,TRUE,TRUE,FALSE,TRUE,FALSE,FALSE,FALSE,FALSE,FALSE,FALSE,FALSE,FALSE,0,0,0,,0-50,0,0,Very Low Valuation
33,109,Tweek Labs,Sportswear,Consumer Products & Lifestyle,TRUE,40,2,2000,60,10,600,TRUE,TRUE,TRUE,TRUE,FALSE,TRUE,FALSE,TRUE,TRUE,FALSE,FALSE,FALSE,TRUE,FALSE,3,20,3.333333333,600,0-50,3.333333333,600.0000001,Moderate Valuation
33,110,Proxgy,VR,Technology & SaaS,TRUE,35,1,3500,10,10,100,TRUE,TRUE,TRUE,TRUE,FALSE,TRUE,FALSE,TRUE,FALSE,FALSE,FALSE,FALSE,TRUE,FALSE,2,5,5,100,0-50,5,100,Very Low Valuation
34,111,Nomad Food Project,Bacon Jams,Food & Agriculture,TRUE,40,10,400,40,20,200,TRUE,TRUE,TRUE,TRUE,TRUE,TRUE,TRUE,TRUE,FALSE,FALSE,TRUE,TRUE,FALSE,TRUE,4,10,5,200,0-50,5,200,Low Valuation
34,112,Twee in One,Reversible and convertible clothing,Consumer Products & Lifestyle,FALSE,30,7.5,400,0,0,0,TRUE,TRUE,TRUE,TRUE,TRUE,TRUE,TRUE,FALSE,FALSE,FALSE,FALSE,FALSE,FALSE,FALSE,0,0,0,,0-50,0,0,Very Low Valuation
34,113,Green Protein,Plant-Based Protein,Food & Agriculture,FALSE,60,2,3000,0,0,0,TRUE,TRUE,TRUE,TRUE,TRUE,TRUE,TRUE,FALSE,FALSE,FALSE,FALSE,FALSE,FALSE,FALSE,0,0,0,,51-100,0,0,Very Low Valuation
34,114,On2Cook,Fastest Cooking Device,Industrial & Infrastructure,FALSE,100,1,10000,0,0,0,TRUE,TRUE,TRUE,TRUE,TRUE,TRUE,TRUE,FALSE,FALSE,FALSE,FALSE,FALSE,FALSE,FALSE,0,0,0,,51-100,0,0,Very Low Valuation
35,115,Jain Shikanji,Lemonade,Food & Agriculture,TRUE,40,8,500,40,30,133,TRUE,TRUE,TRUE,TRUE,TRUE,TRUE,TRUE,TRUE,TRUE,TRUE,FALSE,TRUE,FALSE,FALSE,4,10,7.5,133.3333333,0-50,7.5,133.3333333,Very Low Valuation
35,116,Woloo,Washroom Finder,Technology & SaaS,FALSE,50,4,1250,0,0,0,TRUE,TRUE,TRUE,TRUE,TRUE,TRUE,TRUE,FALSE,FALSE,FALSE,FALSE,FALSE,FALSE,FALSE,0,0,0,,0-50,0,0,Very Low Valuation
35,117,Elcare India,Carenting for Elders,Health & Wellness,FALSE,100,2.5,4000,0,0,0,TRUE,TRUE,TRUE,TRUE,TRUE,TRUE,TRUE,FALSE,FALSE,FALSE,FALSE,FALSE,FALSE,FALSE,0,0,0,,51-100,0,0,Very Low Valuation
